{
    "loss": 2.033842086791992,
    "accuracy": 0.8965517282485962
}